scenario,rho,delta_g,method,design_effect,rejection_rate,rejection_mcse,coverage,coverage_mcse,mean_width
0,0.0,0,naive records,1.0,0.0496,0.0030704996336101396,0.9504,0.0030704996336101387,223.0360059171821
0,0.0,0,cluster means,1.0,0.0478,0.003017123133052412,0.9522,0.0030171231330524103,228.27206046925784
1,0.0,200,naive records,1.0,0.9454,0.003213062090903317,0.9504,0.0030704996336101387,222.6262946255983
1,0.0,200,cluster means,1.0,0.9358,0.003466362935412275,0.9496,0.0030938597253269257,227.77134501120867
2,0.3,0,naive records,2.2,0.1906,0.005554667226756253,0.8094,0.005554667226756253,221.09181600173284
2,0.3,0,cluster means,2.2,0.0502,0.003088040155179333,0.9498,0.003088040155179334,337.33073143105213
3,0.3,200,naive records,2.2,0.8486,0.005069083546362201,0.8018,0.005637672569420825,221.35874540179606
3,0.3,200,cluster means,2.2,0.6454,0.00676548357473433,0.9522,0.0030171231330524103,338.1654459157336
4,0.6,0,naive records,3.4,0.295,0.006449418578445657,0.705,0.006449418578445657,219.72304254620792
4,0.6,0,cluster means,3.4,0.0512,0.0031170036894427955,0.9488,0.0031170036894427964,420.31240747183153
5,0.6,200,naive records,3.4,0.8026,0.005629089446793327,0.6976,0.006495448252430313,219.8269915086554
5,0.6,200,cluster means,3.4,0.4556,0.0070431333935969155,0.9432,0.0032733395790843322,420.2985476055251
