scenario,n_per_group,sigma_g,delta_g,rejection_rate,rejection_mcse,coverage,coverage_mcse,mean_width
0,10,250,0,0.05,0.0030822070014844883,0.95,0.0030822070014844896,466.19156439413047
1,10,250,100,0.1326,0.004796190988690921,0.9476,0.003151324800778238,465.22570643924047
2,10,250,200,0.3964,0.006917615774238983,0.9494,0.0030996657884359074,465.84426482294015
3,10,250,400,0.9192,0.0038541240249893357,0.9578,0.002843208047259293,466.6877163792921
4,10,400,0,0.0504,0.0030938597253269257,0.9496,0.0030938597253269257,746.4633286421978
5,10,400,100,0.0798,0.0038322828705616187,0.9534,0.0029808871162793123,744.0021765993424
6,10,400,200,0.1756,0.005380792506685237,0.9506,0.003064625262572897,748.5360949085781
7,10,400,400,0.5664,0.007008438342455472,0.9464,0.0031851857088716186,745.6431904153202
8,10,600,0,0.0482,0.0030290843500965763,0.9518,0.003029084350096577,1123.7153601536688
9,10,600,100,0.0622,0.003415586626042443,0.954,0.0029625664549508433,1124.0421431824138
10,10,600,200,0.1048,0.004331673117861042,0.9516,0.0030350433275325743,1122.9781116664033
11,10,600,400,0.2944,0.006445597567332295,0.948,0.00313993630508646,1118.9997557517502
12,20,250,0,0.0512,0.0031170036894427955,0.9488,0.0031170036894427964,318.58096013922227
13,20,250,100,0.2344,0.005990937155403986,0.9522,0.0030171231330524103,318.99126585093535
14,20,250,200,0.6828,0.0065815524004599404,0.9498,0.003088040155179334,319.08724658357863
15,20,250,400,0.9986,0.000528779727296718,0.951,0.0030528347482299146,318.83891487107195
16,20,400,0,0.0524,0.003151324800778238,0.9476,0.003151324800778238,510.5465368247805
17,20,400,100,0.1184,0.004569057670898891,0.9522,0.0030171231330524103,510.11370023105087
18,20,400,200,0.3512,0.006750682335882796,0.9468,0.003173948959892078,509.459627433666
19,20,400,400,0.8674,0.004796190988690922,0.9504,0.0030704996336101387,509.1509251216102
20,20,600,0,0.0424,0.0028496399772602854,0.9576,0.0028496399772602854,764.754909554577
21,20,600,100,0.0822,0.003884408835331317,0.9468,0.003173948959892078,764.3053645011252
22,20,600,200,0.179,0.00542142047806661,0.9496,0.0030938597253269257,763.5502097725508
23,20,600,400,0.5328,0.007055836732804976,0.9534,0.0029808871162793123,765.6395924810255
24,40,250,0,0.0482,0.0030290843500965763,0.9518,0.003029084350096577,222.05664809847735
25,40,250,100,0.4304,0.007002225931801972,0.9546,0.002944107334999864,221.936478057318
26,40,250,200,0.9368,0.0034410974993452316,0.9484,0.003128496124338337,222.491739645024
27,40,250,400,1.0,0.0,0.947,0.0031683118533376744,221.7913718041901
28,40,400,0,0.0486,0.0030409879973455995,0.9514,0.003040987997345599,354.98079988734935
29,40,400,100,0.1944,0.005596581813928927,0.95,0.0030822070014844896,355.35401321186396
30,40,400,200,0.593,0.00694767587039004,0.9468,0.003173948959892078,354.48120528983407
31,40,400,400,0.9926,0.001212042903531056,0.9494,0.0030996657884359074,355.6142702772904
32,40,600,0,0.0548,0.003218600938296017,0.9452,0.003218600938296016,531.9275548843408
33,40,600,100,0.1148,0.004508236018666281,0.95,0.0030822070014844896,533.1829342376274
34,40,600,200,0.3238,0.006617455099961011,0.9568,0.0028751959933194125,533.2318670712651
35,40,600,400,0.8352,0.005246731554024847,0.9446,0.0032351457463304493,532.5171689483484
36,80,250,0,0.0406,0.0027911159058699084,0.9594,0.0027911159058699076,155.8219863690923
37,80,250,100,0.7088,0.006424991206219663,0.9554,0.0029192752525241594,155.78770511987767
38,80,250,200,0.999,0.0004469899327725404,0.949,0.0031112376958374634,156.00493387949837
39,80,250,400,1.0,0.0,0.9522,0.0030171231330524103,155.91235557927746
40,80,400,0,0.0486,0.0030409879973455995,0.9514,0.003040987997345599,249.47434672761372
41,80,400,100,0.3462,0.006728232457339743,0.9482,0.0031342227106573,249.20720650490756
42,80,400,200,0.881,0.004579061039121449,0.9478,0.003145636978419475,249.38273153883415
43,80,400,400,1.0,0.0,0.9538,0.002968688599365047,249.5179349172276
44,80,600,0,0.051,0.003111237695837462,0.949,0.0031112376958374634,373.67621022213575
45,80,600,100,0.1812,0.005447321543657947,0.95,0.0030822070014844896,374.4909669512036
46,80,600,200,0.5486,0.007037585381364833,0.9426,0.0032895361375124004,373.9574309127571
47,80,600,400,0.9906,0.0013646713890164155,0.955,0.0029317230428538106,373.8374490239331
48,160,250,0,0.046,0.002962566454950842,0.954,0.0029625664549508433,109.97834118401366
49,160,250,100,0.9426,0.0032895361375124004,0.9512,0.0030469184432800286,109.91841707536845
50,160,250,200,1.0,0.0,0.9456,0.003207511184703804,109.97982417288483
51,160,250,400,1.0,0.0,0.9528,0.002999071856424918,110.04039940835547
52,160,400,0,0.0504,0.0030938597253269257,0.9496,0.0030938597253269257,175.76149215527727
53,160,400,100,0.614,0.0068848238902676365,0.9448,0.0032296427046966053,175.9096284534663
54,160,400,200,0.994,0.0010921538353180842,0.9456,0.003207511184703804,175.84300152335075
55,160,400,400,1.0,0.0,0.9496,0.0030938597253269257,175.90254009546695
56,160,600,0,0.0524,0.003151324800778238,0.9476,0.003151324800778238,263.7507649145053
57,160,600,100,0.326,0.006629087418340476,0.9518,0.003029084350096577,264.0492348218142
58,160,600,200,0.8446,0.005123491778074792,0.9496,0.0030938597253269257,263.8425831541551
59,160,600,400,1.0,0.0,0.9536,0.0029747954551531774,263.4837118493435
